Course Name,Certificate Provider,Certification Level,Certification Type,Duration,Certification Rating,Skills
IBM Data Engineering,IBM,['Débutant '],[' Certificat Professionnel '],[' 3 à 6\xa0mois'],"4,6 sur 5 étoiles","Programmation en Python, Schéma en étoile, Entreposage de données, Ingénierie des données, Bases de données relationnelles, Administration de base de données, Administration des bases de données, SQL, Big Data, NoSQL, Apache Hadoop, IBM Cognos Analytics, Programmation Python, Script Shell, Systèmes de base de données, Commandes Linux, Data Mart, Pipelines de données, Extrait, Bash (langage de script), Apache Spark, Compétences en matière d'entretien"
Fondements de l'ingénierie des données,IBM,['Débutant '],[' Spécialisation '],[' 3 à 6\xa0mois'],"4,6 sur 5 étoiles","Bases de données, Infrastructure de données, Programmation en Python, Ingénierie des données, Récupération de données sur le Web, Bases de données relationnelles, Manipulation des données, Manipulation de données, SQL, NumPy, Gestion des bases de données, Systèmes de gestion de bases de données, Pandas (paquetage Python), Programmation Python, Architecture des données, Magasin de données, Systèmes de base de données, Conception de la base de données, Théorie des bases de données, Base de données, Pipelines de données, Extrait, Web scraping"
DeepLearning.AI Data Engineering,Plusieurs enseignants,['Intermédiaire '],[' Certificat Professionnel '],[' 3 à 6\xa0mois'],"4,8 sur 5 étoiles","Data Engineering, Data Store, Data Pipelines, Data Storage Technologies, Data Modeling, Data Architecture, Amazon Web Services, Data Storage, Data Infrastructure, Query Languages, Extract, Transform, Load, Data Warehousing, Cloud Engineering, Apache Airflow, Databases, PySpark, Database Management Systems, Data Processing, Data Lakes, Data Integration"
Introduction à l’ingénierie des données,IBM,['Débutant '],[' Cours '],[' 1 à 4\xa0semaines'],"4,7 sur 5 étoiles","Bases de données, Gestion des données, Infrastructure de données, Ingénierie des données, Entreposage de données, Technologies de stockage des données, Magasin de données, Gestion de l'information, Big Data, Bases de données opérationnelles, Systèmes de gestion de bases de données, IBM DB2, Architecture des données, Lacs de données, Intégration de données, Intégration des données, Traitement des données, Cartographie des données, Data Mart, Pipelines de données, Extrait"
Introduction to Data Engineering,DeepLearning.AI,['Intermédiaire '],[' Cours '],[' 1 à 4\xa0semaines'],"4,8 sur 5 étoiles","Data Engineering, Data Pipelines, Data Architecture, Amazon Web Services, Data Infrastructure, Cloud Engineering, Extract, Transform, Load, Cloud Infrastructure, Data Integration, Databases, Cloud Services, Big Data, Data Processing, Cloud Solutions, Information Technology Architecture, Cloud Platforms, Infrastructure Architecture, Data Storage, Cloud Applications, Public Cloud"
"Essentiels de Python, Bash et SQL pour l'ingénierie des données",Duke University,['Débutant '],[' Spécialisation '],[' 3 à 6\xa0mois'],"4,5 sur 5 étoiles","Langage de requête, Programmation en Python, Ingénierie des données, Récupération de données sur le Web, Commandes Unix, Linux, Environnement de développement, Programmation Python, Manipulation des données, Manipulation de données, Pandas (paquetage Python), SQL, Administration Linux, Web scraping, Shell Unix, Script Shell, Commandes Linux, Jupyter, MySQL, Scripting, MLOps (Apprentissage automatique), Microservices, Bash (langage de script)"
Data Engineering on AWS - Foundations,Amazon Web Services,['Débutant '],[' Cours '],[' 1 à 4\xa0semaines'],"4,7 sur 5 étoiles","Data Engineering, Cloud Engineering, Amazon Web Services, Data Architecture, Cloud Infrastructure, Cloud Services, Cloud Platforms, Data Management, Cloud Computing, Big Data, Cloud Computing Architecture"
"Data Engineering, Big Data, and Machine Learning on GCP",Google Cloud,['Intermédiaire '],[' Spécialisation '],[' 3 à 6\xa0mois'],"4,6 sur 5 étoiles","Data Pipelines, Dataflow, Data Engineering, Google Cloud Platform, Data Lakes, Extract, Transform, Load, Data Warehousing, Data Infrastructure, Data Architecture, Real Time Data, Big Data, Data Integration, Cloud Storage, Data Storage, Apache Spark, Data Storage Technologies, Data Processing, MLOps (Machine Learning Operations), Analytics, Cloud API"
Ingénieur méta-base de données,Meta,['Débutant '],[' Certificat Professionnel '],[' 3 à 6\xa0mois'],"4,6 sur 5 étoiles","Contrôle des versions, Bases de données, Modélisation des données, Programmation en Python, Bases de données relationnelles, Git (Système de contrôle des versions), Pseudocode, Entreposage de données, Programmation Python, Pseudo-code, SQL, Conception de la base de données, Gestion des bases de données, Systèmes de gestion de bases de données, Schéma du flocon de neige, MySQL Workbench, Systèmes de base de données, MySQL, Théorie des bases de données, Structures de données, structures de données, Principes de programmation, Procédure stockée"
Ingénieur IBM Data Warehouse,IBM,['Débutant '],[' Certificat Professionnel '],[' 3 à 6\xa0mois'],"4,7 sur 5 étoiles","Infrastructure de données, Bases de données, Bases de données relationnelles, Ingénierie des données, Entreposage de données, Schéma en étoile, IBM Cognos Analytics, Administration de base de données, Administration des bases de données, SQL, Linux, Looker (Logiciel), Architecture et administration des bases de données, Script Shell, Systèmes de base de données, Commandes Linux, Théorie des bases de données, Data Mart, Pipelines de données, Extrait, Bash (langage de script)"
Applied Python Data Engineering,Duke University,['Intermédiaire '],[' Spécialisation '],[' 1 à 3\xa0mois'],"3,7 sur 5 étoiles","Big Data, Business Communication, Cloud Applications, Cloud-Based Integration, Data Analysis, Data Visualization, Data Warehousing, Docker (Software), Kubernetes, Python Programming"
Projet Python pour l’ingénierie des données,IBM,['Intermédiaire '],[' Cours '],[' 1 à 4\xa0semaines'],"4,6 sur 5 étoiles","Analyse des données, Programmation en Python, Gestion des données, Science des données, Accès aux données, Récupération de données sur le Web, Ingénierie des données, Bases de données, Manipulation des données, Manipulation de données, Administration de base de données, Administration des bases de données, Programmation Python, Gestion de l'information, Big Data, Architecture et administration des bases de données, Gestion des bases de données, Programmation informatique, Analyse des Données, Programmation Informatique, Architecture des données, Web scraping, Intégration de données, Intégration des données, Traitement des données, Stockage des données, Extrait"
Introduction to Modern Data Engineering with Snowflake,Snowflake,['Intermédiaire '],[' Cours '],[' 1 à 3\xa0mois'],"4,7 sur 5 étoiles","Data Pipelines, Data Engineering, Extract, Transform, Load, Data Integration, Data Mapping, Data Transformation, Data Processing, Data Wrangling, Data Architecture, Big Data, Data Management, SQL, Stored Procedure, Database Development, Database Management"
IA générative pour les ingénieurs de données,IBM,['Intermédiaire '],[' Spécialisation '],[' 1 à 3\xa0mois'],"4,7 sur 5 étoiles","Intelligence artificielle, Gestion des données, Informatique, Modélisation des données, IA générative, Ingénierie des données, Architecture et administration des bases de données, Gouvernance des données, Entreposage de données, Intelligence artificielle et apprentissage automatique (IA/ML), ChatGPT, Bases de données, OpenAI, Éthique des données, Gestion de l'information, Systèmes de gestion de bases de données, Architecture des données, Intégration de données, Intégration des données, Gouvernance de données, Pipelines de données, Extrait"
Preparing for Google Cloud Certification: Cloud Data Engineer,Google Cloud,['Intermédiaire '],[' Certificat Professionnel '],[' 3 à 6\xa0mois'],"4,6 sur 5 étoiles","Data Pipelines, Dataflow, Data Engineering, Google Cloud Platform, Data Lakes, Extract, Transform, Load, Data Warehousing, Data Infrastructure, Data Architecture, Real Time Data, Big Data, Data Integration, Cloud Storage, Data Storage, Apache Spark, Data Storage Technologies, Data Processing, MLOps (Machine Learning Operations), Cloud Engineering, Analytics"
Projet d'ingénierie des données (Capstone Project),IBM,['Avancées '],[' Cours '],[' 1 à 3\xa0mois'],"4,7 sur 5 étoiles","Analytique, Gestion des données, Bases de données, Analyse, PySpark, Infrastructure de données, Entreposage de données, Ingénierie des données, Tableau de bord, Gestion de l'information, Big Data, IBM Cognos Analytics, Architecture des données, Intégration de données, Intégration des données, Systèmes de base de données, Architecture et administration des bases de données, Magasin de données, Bases de données opérationnelles, Pipelines de données, Extrait, MongoDB, Mongodb"
Ingénierie avancée des données,Duke University,['Intermédiaire '],[' Cours '],[' 1 à 4\xa0semaines'],"4,2 sur 5 étoiles","Gestion des données, Langage de requête, Bases de données, Bases de données relationnelles, Ingénierie des données, Base de données, Architecture et administration des bases de données, Flux d'air Apache, Gestion de l'information, Big Data, SQL, Systèmes de gestion de bases de données, Architecture des données, Traitement des données, Intégration de données, Intégration des données, Systèmes de base de données, Gestion des bases de données, Évolutivité, MySQL, Pipelines de données"
Linux et Bash pour l’ingénierie des données,Duke University,['Intermédiaire '],[' Cours '],[' 1 à 4\xa0semaines'],"4,6 sur 5 étoiles","Langages de script, Logiciel système, Ingénierie des données, Linux, Plates-formes informatiques, Commandes Unix, Administration des systèmes, Systèmes d'Exploitation, Bases de données, Unix, Script Shell, Big Data, Stockage des données, Interface de ligne de commande, Systèmes d'exploitation, Traitement des données, Administration Linux, Commandes Linux, Scripting, Bash (langage de script), Shell Unix"
Analyste de données d'IBM,IBM,['Débutant '],[' Certificat Professionnel '],[' 3 à 6\xa0mois'],"4,6 sur 5 étoiles","Analyse des données, Plotly, Analytique, Bases de données, Langage de requête, Tracé (graphique), Analyse, Programmation en Python, Visualisation de Données, Microsoft Excel, Logiciel de tableur, IA générative, Récupération de données sur le Web, Visualisation des données, Analyse de l'emploi, IBM Cognos Analytics, Modélisation prédictive, SQL, Programmation Python, Gestion des bases de données, Analyse des Données, Tableau de bord, Web scraping, Systèmes de base de données, Logiciel de Feuille de Calcul, Matplotlib"
Google Cloud Database Engineer,Google Cloud,['Intermédiaire '],[' Spécialisation '],[' 3 à 6\xa0mois'],"4,7 sur 5 étoiles","Google Cloud Platform, Cloud Infrastructure, Cloud Services, Cloud Engineering, Data Migration, Infrastructure As A Service (IaaS), IT Infrastructure, Cloud Platforms, Cloud Storage, Public Cloud, Cloud Solutions, Cloud Applications, Databases, Cloud Computing, Cloud API, Cloud Management, Cloud Development, Database Architecture and Administration, Cloud-Native Computing, PostgreSQL"
Python et Pandas pour l'ingénierie des données,Duke University,['Débutant '],[' Cours '],[' 1 à 4\xa0semaines'],"4,6 sur 5 étoiles","Analyse des données, Langages de script, Outils de développement de logiciels, Programmation en Python, Gestion des paquets et des logiciels, Science des données, Git (Système de contrôle des versions), Environnement de développement, Outils de programmation informatique, Ingénierie des données, Manipulation des données, Manipulation de données, Outils Devops, Big Data, Analyse des Données, Pandas (paquetage Python), Outils de génie logiciel, Programmation Python, Outils de développement Microsoft, Jupyter, Traitement des données, Scripting, Extrait"
"Spark, Hadoop, and Snowflake for Data Engineering",Duke University,['Avancées '],[' Cours '],[' 1 à 4\xa0semaines'],4 sur 5 étoiles,"Big Data, Data Warehousing, Python Programming"
"Data Modeling, Transformation, and Serving",DeepLearning.AI,['Intermédiaire '],[' Cours '],[' 1 à 4\xa0semaines'],"4,6 sur 5 étoiles","Data Engineering, Data Modeling, Data Pipelines, Extract, Transform, Load, Data Warehousing, Data Architecture, PySpark, Data Integration, Data Processing, Big Data, Star Schema, Analytics, Apache Spark, Feature Engineering, Data Management, Data Science, Information Management, Database Management Systems, Database Systems, Database Management"
"Data Engineering: Pipelines, ETL, Hadoop",Coursera Instructor Network,['Intermédiaire '],[' Cours '],[' 1 à 4\xa0semaines'],"4,1 sur 5 étoiles",Data Analysis
Ingénierie des données sur le cloud,Duke University,['Intermédiaire '],[' Cours '],[' 1 à 4\xa0semaines'],"3,7 sur 5 étoiles","Infrastructure en nuage, Amazon Web Services, Applications en nuage, Développement de logiciels, Ingénierie des nuages, Ingénierie des données, Informatique en nuage, Stockage dans le Cloud, Stockage en nuage, Plates-formes d'informatique en nuage, Développement de l'informatique en nuage, Big Data, Gestion de l'informatique en nuage, Services en nuage, Architecture des données, Solutions pour l'informatique en nuage, Nuage public, Traitement des données, Cloud Computing, Pipelines de données, Extrait, L'informatique sans serveur, Informatique sans serveur"
Data Engineering in AWS,Whizlabs,['Débutant '],[' Cours '],[' 1 à 4\xa0semaines'],"4,6 sur 5 étoiles",Machine Learning
MySQL-for-Data-Engineering,Duke University,['Débutant '],[' Projet Guidé '],[' Moins de 2 heures'],"4,7 sur 5 étoiles","Linux, Python Programming"
IBM AI Engineering,IBM,['Intermédiaire '],[' Certificat Professionnel '],[' 3 à 6\xa0mois'],"4,6 sur 5 étoiles","Apprentissage automatique, Réseaux neuronaux artificiels, Traitement du langage naturel (NLP), Traitement du langage naturel, Science des données, Apprentissage profond, Apprentissage non supervisé, IA générative, Intelligence artificielle et apprentissage automatique (IA/ML), Scikit-learn (Bibliothèque d'Apprentissage automatique), Arbre de classification et de régression (CART), Apprentissage supervisé, Tensorflow, Modélisation prédictive, Apprentissage statistique des machines, Apprentissage automatique appliqué, Algorithmes d'apprentissage automatique, Keras (bibliothèque de réseaux neurones), Logiciel d'apprentissage automatique, Deep learning, Deep Learning, PyTorch (Bibliothèque d'Apprentissage automatique)"
Guide des carrières en ingénierie des données et préparation aux entretiens,IBM,['Débutant '],[' Cours '],[' 1 à 4\xa0semaines'],"4,4 sur 5 étoiles","Recrutement à cycle complet, Communications interpersonnelles, Stratégies de communication, Ressources humaines, Communication, Réseautage professionnel, Recrutement, Compétences en matière d'entretien"
IBM Generative AI Engineering,IBM,['Débutant '],[' Certificat Professionnel '],[' 3 à 6\xa0mois'],"4,6 sur 5 étoiles","Generative AI, Scikit Learn (Machine Learning Library), Keras (Neural Network Library), Machine Learning Algorithms, Predictive Modeling, Artificial Intelligence, Supervised Learning, Machine Learning, Python Programming, Artificial Neural Networks, Artificial Intelligence and Machine Learning (AI/ML), Deep Learning, Data Analysis, Statistical Machine Learning, Applied Machine Learning, Machine Learning Methods, ChatGPT, Analytics, Natural Language Processing, Flask (Web Framework)"
Introduction to Data Engineering on Google Cloud,Google Cloud,['Débutant '],[' Cours '],[' 1 à 3\xa0mois'],"4,5 sur 5 étoiles",['No information given']
"Engineering Data Ecosystems: Pipelines, ETL, Spark",Coursera Instructor Network,['Débutant '],[' Cours '],[' 1 à 4\xa0semaines'],"3,5 sur 5 étoiles",Data Management
Scripting avec Python et SQL pour l'ingénierie des données,Duke University,['Intermédiaire '],[' Cours '],[' 1 à 4\xa0semaines'],"4,3 sur 5 étoiles","Langage de requête, Langages de script, Programmation en Python, Bases de données relationnelles, Récupération de données sur le Web, Bases de données, Ingénierie des données, JSON, Programmation Python, Systèmes de gestion de bases de données, Base de données, Gestion de l'information, SQL, Web scraping, Gestion des bases de données, Systèmes de base de données, Traitement des données, Importation/exportation de données, MySQL, Scripting, Extrait"
"Python pour la science des données, l'IA et le développement",IBM,['Débutant '],[' Cours '],[' 1 à 3\xa0mois'],"4,8 sur 5 étoiles","Analyse des données, Informatique, Développement de logiciels, Programmation en Python, Science des données, Ingénierie des données, Algorithmes, Récupération de données sur le Web, Programmation orientée objet (POO), Programmation Python, Manipulation des données, Manipulation de données, Gestion de l'information, Pandas (paquetage Python), NumPy, Structures de données, Programmation informatique, Analyse des Données, Conception orientée objet, Traitement des données, Programmation Informatique, Jupyter, Interface de programmation d'application (API), structures de données, Extrait, Web scraping"
Science des données,Johns Hopkins University,['Débutant '],[' Spécialisation '],[' 3 à 6\xa0mois'],"4,9 sur 5 étoiles","Statistiques, Analyse de régression, Rmarkdown, Modélisation statistique, Exploration analytique de données, Analyse exploratoire des données, R Programmation, Analyse statistique, Arbre de classification et de régression (CART), Apprentissage supervisé, Modélisation prédictive, Analyse exploratoire des données (AED), Apprentissage automatique appliqué, Programmation Statistique, Inférence statistique, Shiny (Package (R)), Programmation statistique, Ingénierie des fonctionnalités, Ingénierie des caractéristiques, La programmation en R, Ggplot2, Tidyverse (Package R), Analyse prédictive, Knitr, Traitement des données, Data wrangling"
Ingénierie des données avec Rust,Duke University,['Intermédiaire '],[' Cours '],[' 1 à 4\xa0semaines'],"4,7 sur 5 étoiles","Amazon Web Services, Gestion des données, Infrastructure de données, Ingénierie des données, Ingénierie en matière de sécurité, Informatique distribuée, Bases de données, Ingénierie des nuages, Big Data, Traitement des données, Ingénierie de la sécurité, Gestion de l'information, Programmation informatique, Services en nuage, Architecture des données, Intégration de données, Intégration des données, Programmation Informatique, Stockage des données, Structures de données, structures de données, Rust (langage de programmation), Pipelines de données, Extrait"
Modélisation avancée des données,Meta,['Intermédiaire '],[' Cours '],[' 1 à 4\xa0semaines'],"4,7 sur 5 étoiles","Gestion des données, Bases de données, Modélisation des données, Schéma en étoile, Bases de données relationnelles, Ingénierie des données, Entreposage de données, Systèmes de gestion de bases de données, Base de données, Administration de base de données, Administration des bases de données, Gestion de l'information, Architecture et administration des bases de données, Gestion des bases de données, Schéma du flocon de neige, MySQL Workbench, Architecture des données, Systèmes de base de données, Conception de la base de données, MySQL, Extrait"
"Intro à Snowflake pour les développeurs, les scientifiques de données, les ingénieurs de données",Snowflake,['Débutant '],[' Cours '],[' 1 à 4\xa0semaines'],"4,8 sur 5 étoiles","Bases de données, Modélisation des données, Gestion des données, Ingénierie des données, Architecture et administration des bases de données, Base de données, SQL, Apprentissage automatique appliqué, Gestion de l'information, Traitement des données, Big Data, Systèmes de gestion de bases de données, Schéma du flocon de neige, Architecture des données, Intégration de données, Intégration des données, Systèmes de base de données, Stockage des données, Procédure stockée, Pipelines de données, Extrait"
IA générative : faites progresser votre carrière dans l'ingénierie des données,IBM,['Intermédiaire '],[' Cours '],[' 1 à 4\xa0semaines'],"4,7 sur 5 étoiles","Intelligence artificielle, Gestion des données, Bases de données, Modélisation des données, Ingénierie des données, IA générative, Entreposage de données, Architecture et administration des bases de données, Gouvernance des données, Éthique des données, Base de données, Traitement des données, Gestion de l'information, Conception de la base de données, Systèmes de gestion de bases de données, Architecture des données, Gestion des bases de données, Intégration de données, Intégration des données, Gouvernance de données, Pipelines de données, Extrait"
IBM Business Intelligence (BI) Analyst,IBM,['Débutant '],[' Certificat Professionnel '],[' 3 à 6\xa0mois'],"4,7 sur 5 étoiles","Data Warehousing, Relational Databases, SQL, Data Mart, Business Intelligence, Tableau Software, Dashboard, Database Systems, Star Schema, Spreadsheet Software, Database Theory, Database Management Systems, Data Visualization, Databases, Extract, Transform, Load, Microsoft Excel, Data Visualization Software, Statistical Methods, Statistical Analysis, Business Analytics"
"Data Engineering, Big Data and ML on Google Cloud en Español",Google Cloud,['Intermédiaire '],[' Spécialisation '],[' 3 à 6\xa0mois'],"4,5 sur 5 étoiles",['No information given']
Ingénierie de requête,Vanderbilt University,['Débutant '],[' Spécialisation '],[' 1 à 3\xa0mois'],"4,7 sur 5 étoiles","Intelligence artificielle, Analyse des données, Informatique, Visualisation de Données, Contenu numérique, Science des données, IA générative, Automatisation des technologies de l'information, Automatisation des processus robotiques, Intelligence artificielle et apprentissage automatique (IA/ML), ChatGPT, Visualisation des données, Contenu Web, Traitement des données, Automatisation, Analyse des Données, Intégration de données, Intégration des données, Cartographie des données, Data wrangling, OpenAI, Extrait, Transformation des données, Transformation de données"
L'IA générative pour les scientifiques des données,IBM,['Intermédiaire '],[' Spécialisation '],[' 1 à 3\xa0mois'],"4,7 sur 5 étoiles","Intelligence artificielle, Analyse des données, Informatique, Exploration analytique de données, Gestion des données, Analyse exploratoire des données, Science des données, Analyse statistique, IA générative, Intelligence artificielle et apprentissage automatique (IA/ML), Gouvernance des données, ChatGPT, Éthique des données, OpenAI, Analyse exploratoire des données (AED), Analyse des Données, Stratégie en matière de données, Gouvernance de données"
L'IA générative pour les analystes de données,IBM,['Intermédiaire '],[' Spécialisation '],[' 1 à 3\xa0mois'],"4,8 sur 5 étoiles","Analyse d'entreprise, Analytique, Intelligence artificielle, Gestion des données, Langage de requête, Informatique, Analyse des données, Analyse, Intelligence économique, Visualisation de Données, Récit de données, Storytelling de données, Science des données, Informatique décisionnelle, ChatGPT, Intelligence artificielle et apprentissage automatique (IA/ML), IA générative, Gouvernance des données, Visualisation des données, Business Analytics, OpenAI, Éthique des données, Analyse des Données, Tableau de bord, Présentation des données, Gouvernance de données, Stratégie en matière de données"
"Defining, Describing, and Visualizing Data",University of Colorado Boulder,['Débutant '],[' Cours '],[' 1 à 3\xa0mois'],"3,8 sur 5 étoiles","Data Analysis, Data Visualization"
Analyse des Données avec Python,IBM,['Intermédiaire '],[' Cours '],[' 1 à 3\xa0mois'],"4,7 sur 5 étoiles","Statistiques, Analyse de régression, Analyse des données, Analytique, Méthodes statistiques, Analyse d'entreprise, Exploration analytique de données, Analyse, Modélisation statistique, Analyse exploratoire des données, Science des données, Analyse statistique, Scikit-learn (Bibliothèque d'Apprentissage automatique), Business Analytics, Analyse avancée, Manipulation des données, Modélisation prédictive, Analyse exploratoire des données (AED), Analyse des Données, Pandas (paquetage Python), Analyse prédictive, Ingénierie des fonctionnalités, Ingénierie des caractéristiques, Analyse de corrélation, Manipulation de données, Traitement des données, Data wrangling, Transformation des données, Transformation de données"
Le chemin vers la connaissance : Modèles de données et pipelines,Google,['Avancées '],[' Cours '],[' 1 à 4\xa0semaines'],"4,5 sur 5 étoiles","Bases de données, Modélisation des données, Intelligence économique, Gestion des données, Qualité des données, Informatique décisionnelle, Entreposage de données, Ingénierie des données, Architecture et administration des bases de données, Bases de données relationnelles, Big Data, Gestion de l'information, Gestion des bases de données, Architecture des données, Intégration de données, Intégration des données, Systèmes de base de données, Traitement des données, Conception de la base de données, Systèmes de gestion de bases de données, Pipelines de données, Extrait"
IA générative : Principes de base de l'ingénierie des invites,IBM,['Débutant '],[' Cours '],[' 1 à 4\xa0semaines'],"4,5 sur 5 étoiles","Intelligence artificielle, Informatique, IA générative, Intelligence artificielle et apprentissage automatique (IA/ML), OpenAI, ChatGPT"
"Virtualization, Docker, and Kubernetes for Data Engineering",Duke University,['Avancées '],[' Cours '],[' 1 à 4\xa0semaines'],"4,7 sur 5 étoiles","Cloud-Based Integration, Docker (Software), Kubernetes"
Construire des lacs de données sur AWS,Amazon Web Services,['Débutant '],[' Cours '],[' 1 à 3\xa0mois'],"4,6 sur 5 étoiles","Gestion des données, Amazon Web Services, Infrastructure de données, Ingénierie des données, Architecture et administration des bases de données, Bases de données, Gouvernance des données, Stockage dans le Cloud, Stockage en nuage, Gestion de l'information, Big Data, Traitement des données, Architecture des données, Intégration de données, Intégration des données, Gouvernance de données, Transformation des données, Cartographie des données, Stockage des données, Data wrangling, Lacs de données, Extrait, Partage des données, Transformation de données"
Robotics Engineering & Applications,L&T EduTech,['Intermédiaire '],[' Cours '],[' 1 à 4\xa0semaines'],"4,7 sur 5 étoiles","Automation, Robotic Process Automation, Internet Of Things, Industrial Engineering, Computer Vision, Engineering, IT Automation, Manufacturing and Production, Computer Programming, Mechanical Engineering, Manufacturing Processes, Artificial Intelligence, Computer Science, Process Engineering, Image Analysis, Artificial Intelligence and Machine Learning (AI/ML), Data Science, Systems Administration, Information Technology, Data Analysis"
Feature Engineering,Google Cloud,['Intermédiaire '],[' Cours '],[' 1 à 3\xa0mois'],"4,6 sur 5 étoiles","Feature Engineering, Tensorflow, Data Engineering, Dataflow, Applied Machine Learning, Machine Learning, Machine Learning Methods, Artificial Intelligence and Machine Learning (AI/ML), Data Pipelines, Keras (Neural Network Library), Artificial Intelligence, Extract, Transform, Load, Big Data, Data Integration, Data Processing, Data Architecture, Real Time Data, Deep Learning, Computer Science, Artificial Neural Networks"
Modernizing Data Lakes and Data Warehouses with Google Cloud,Google Cloud,['Intermédiaire '],[' Cours '],[' 1 à 3\xa0mois'],"4,6 sur 5 étoiles","Data Engineering, Data Lakes, Data Warehousing, Data Architecture, Data Infrastructure, Cloud Storage, Data Storage, Data Storage Technologies, Google Cloud Platform, Data Management, Databases, Big Data, Information Management, Multi-Cloud, Data Processing, Cloud Services, Cloud Infrastructure, Public Cloud, Cloud Platforms, Cloud Solutions"
Stockage de données dans Microsoft Azure pour développeurs associés,Microsoft,['Intermédiaire '],[' Cours '],[' 1 à 3\xa0mois'],"4,5 sur 5 étoiles","Infrastructure en nuage, Infrastructure de données, Bases de données, Microsoft Azure, Gestion des données, Technologies de stockage des données, Stockage dans le Cloud, Stockage en nuage, Plates-formes d'informatique en nuage, Développement de l'informatique en nuage, Infrastructure informatique, Gestion de l'information, Multi-cloud, Applications en nuage, Gestion de l'informatique en nuage, Sécurité de l'informatique en nuage, Services en nuage, Architecture des données, Stockage des données, Nuage public, Solutions pour l'informatique en nuage"
"Programmation Java : Tableaux, listes et données structurées",Duke University,['Débutant '],[' Cours '],[' 1 à 3\xa0mois'],"4,5 sur 5 étoiles","Génie logiciel, Cybersécurité, Sécurité des données, Java, Informatique, Développement de logiciels, Programmation Java, Cryptage, Conception de logiciels, Algorithmes, Cryptographie, Ingénierie en matière de sécurité, Programmation orientée objet (POO), Ingénierie de la sécurité, Développement d'applications, Programmation informatique, Conception orientée objet, Programmation Informatique, Structures de données, structures de données"
Analyse exploratoire des données pour l'apprentissage automatique,IBM,['Intermédiaire '],[' Cours '],[' 1 à 3\xa0mois'],"4,8 sur 5 étoiles","Apprentissage automatique, Statistiques, Analytique, Méthodes statistiques, Intelligence artificielle, Analyse, Exploration analytique de données, Analyse exploratoire des données, Analyse des données, Science des données, Analyse statistique, Qualité des données, Intelligence artificielle et apprentissage automatique (IA/ML), Validation des données, Ingénierie des données, Manipulation des données, Manipulation de données, Analyse exploratoire des données (AED), Apprentissage automatique appliqué, Inférence statistique, Analyse des Données, Ingénierie des fonctionnalités, Ingénierie des caractéristiques, Traitement des données, Data wrangling, Extrait, Transformation des données, Transformation de données"
Projet Capstone d'entreposage de données,IBM,['Intermédiaire '],[' Cours '],[' 1 à 3\xa0mois'],"4,3 sur 5 étoiles","Gestion des données, Bases de données, Intelligence économique, Informatique décisionnelle, Entreposage de données, Ingénierie des données, Architecture et administration des bases de données, Base de données, Gestion de l'information, IBM Cognos Analytics, Gestion des bases de données, Systèmes de gestion de bases de données, Architecture des données, Intégration de données, Systèmes de base de données, PostgreSQL, Importation/exportation de données, Théorie des bases de données, Pipelines de données, Intégration des données, Extrait"
cours intensif en science des données,Johns Hopkins University,['Débutant '],[' Cours '],[' 1 à 4\xa0semaines'],"4,8 sur 5 étoiles","Analyse des données, Science des données, Analyse des Données"
Introduction à la science des données en Python,University of Michigan,['Intermédiaire '],[' Cours '],[' 1 à 4\xa0semaines'],"4,7 sur 5 étoiles","Analyse d'entreprise, Statistiques, Analytique, Analyse des données, Méthodes statistiques, Analyse, Exploration analytique de données, Probabilités et statistiques, Programmation en Python, Analyse exploratoire des données, Ingénierie des données, Science des données, Analyse statistique, Mathématiques appliquées, Programmation Python, Manipulation des données, Manipulation de données, Analyse exploratoire des données (AED), Traitement des données, NumPy, Business Analytics, Analyse des Données, Pandas (paquetage Python), Jupyter, Data wrangling, Extrait, Transformation des données, Transformation de données"
Débuter avec Python,Google,['Avancées '],[' Cours '],[' 1 à 3\xa0mois'],"4,4 sur 5 étoiles","Génie logiciel, Analyse des données, Informatique, Développement de logiciels, Programmation en Python, Science des données, Algorithmes, Ingénierie des données, Programmation orientée objet (POO), Manipulation des données, Manipulation de données, Gestion de l'information, NumPy, Programmation informatique, Analyse des Données, Programmation Python, Pandas (paquetage Python), Conception orientée objet, Programmation Informatique, Principes de programmation, Traitement des données, Jupyter, Structures de données, structures de données, Extrait"
Applications Web et outils de ligne de commande pour l'ingénierie des données,Duke University,['Intermédiaire '],[' Cours '],[' 1 à 4\xa0semaines'],"4,6 sur 5 étoiles","Ingénierie d'essai, Amazon Web Services, Outils de développement de logiciels, Programmation en Python, Applications en nuage, CI/CD, DevOps, Ingénierie des données, Conteneurisation, Ingénierie des nuages, Outils Devops, Big Data, Programmation informatique, AWS SageMaker, Programmation Python, Programmation Informatique, Jupyter, Cloud Native Computing, MLOps (Apprentissage automatique), Traitement des données, Devops, Microservices, Déploiement des applications"
Introduction to Data Engineering on Google Cloud - Bahasa Indonesia,Google Cloud,['Débutant '],[' Cours '],[' 1 à 3\xa0mois'],"4,6 sur 5 étoiles",['No information given']
Data Driven Decision Making,University of Colorado Boulder,['Intermédiaire '],[' Cours '],[' 1 à 3\xa0mois'],"4,5 sur 5 étoiles","Data Analysis, Data Visualization"
SQL : une introduction pratique aux requêtes de bases de données,IBM,['Débutant '],[' Cours '],[' 1 à 3\xa0mois'],"4,3 sur 5 étoiles","Langage de requête, Modélisation des données, Gestion des données, Bases de données relationnelles, Ingénierie des données, Bases de données, Base de données, Systèmes de gestion de bases de données, SQL, Gestion de l'information, Architecture et administration des bases de données, Gestion des bases de données, IBM DB2, Architecture des données, Systèmes de base de données, Conception de la base de données, Traitement des données, Théorie des bases de données, Procédure stockée"
"Data Engineering, Big Data and ML on Google Cloud 日本語版",Google Cloud,['Intermédiaire '],[' Spécialisation '],[' 3 à 6\xa0mois'],"4,8 sur 5 étoiles",['No information given']
Data Science Foundations,Plusieurs enseignants,['Débutant '],[' Spécialisation '],[' 3 à 6\xa0mois'],"4,5 sur 5 étoiles","Python Programming, Data Science, Big Data, Analytics, NumPy, Data Analysis, Data Mining, Jupyter, Pandas (Python Package), Pseudocode, Business Analytics, Data Engineering, GitHub, Data Processing, Computer Programming, Web Scraping, Algorithms, Predictive Modeling, Forecasting, Machine Learning"
Méthodologie DataOps,IBM,['Débutant '],[' Cours '],[' 1 à 3\xa0mois'],"4,6 sur 5 étoiles","Gestion des données, Transformation numérique, Bases de données, Qualité des données, Ingénierie des données, Gouvernance des données, Intégrité des données, Traitement des données, Gestion de l'information, Big Data, Architecture des données, Intégration de données, Intégration des données, Gouvernance de données, Cartographie des données, Stockage des données, Gestion des métadonnées, Data wrangling, Stratégie en matière de données, Pipelines de données, Extrait, Transformation des données, Transformation de données"
"Data Acquisition, Risk, and Estimation",University of Colorado Boulder,['Intermédiaire '],[' Cours '],[' 1 à 3\xa0mois'],"4,7 sur 5 étoiles","Business Analysis, Data Analysis, Estimation"
Ingénierie de l'apprentissage automatique dans le nuage et MLOps,Duke University,['Intermédiaire '],[' Cours '],[' 1 à 4\xa0semaines'],"4,7 sur 5 étoiles","Apprentissage automatique, Intelligence artificielle, Infrastructure en nuage, Informatique en nuage, Ingénierie des nuages, Automatisation des technologies de l'information, CI/CD, Intelligence artificielle et apprentissage automatique (IA/ML), DevOps, Applications en nuage, Plates-formes d'informatique en nuage, Apprentissage automatique appliqué, Développement de l'informatique en nuage, Livraison continue, Logiciel d'apprentissage automatique, API dans le nuage, Déploiement continu, Services en nuage, Cloud Computing, Devops, MLOps (Apprentissage automatique), Solutions pour l'informatique en nuage"
Les fondamentaux de la science des données,"University of California, Irvine",['Débutant '],[' Spécialisation '],[' 3 à 6\xa0mois'],"4,4 sur 5 étoiles","Analyse de régression, Analyse des données, Analytique, Traitement du langage naturel (NLP), Analyse d'entreprise, Analyse, Exploration de données, Modélisation statistique, Exploration de texte, Science des données, Analyse statistique, Analyse avancée, Arbre de classification et de régression (CART), Data mining, Traitement du langage naturel, Business Analytics, Apprentissage supervisé, Éthique des données, Modélisation prédictive, Big Data, Analyse des Données, Analyse prédictive, Données non structurées, Apprentissage statistique des machines, Modélisation mathématique"
Ingénierie de requête pour ChatGPT,Vanderbilt University,['Débutant '],[' Cours '],[' 1 à 3\xa0mois'],"4,6 sur 5 étoiles","Intelligence artificielle, Informatique, IA générative, Intelligence artificielle et apprentissage automatique (IA/ML), ChatGPT, OpenAI"
La programmation en R,Johns Hopkins University,['Intermédiaire '],[' Cours '],[' 1 à 4\xa0semaines'],"4,8 sur 5 étoiles","Apprentissage automatique, Génie logiciel, Analyse des données, Informatique, Outils de développement de logiciels, Développement de logiciels, Simulation et logiciels de simulation, Science des données, Logiciel d'ingénierie, R Programmation, Manipulation des données, Manipulation de données, Programmation Statistique, Débogage, Outils de programmation informatique, Simulations, Programmation informatique, Analyse des Données, Programmation Informatique, Programmation statistique, Principes de programmation, Gestion des performances des applications, Apprentissage statistique des machines, Optimisation des performances, La programmation en R"
Développer des produits de données,Johns Hopkins University,['Mixte '],[' Cours '],[' 1 à 3\xa0mois'],"4,6 sur 5 étoiles","Génie logiciel, Analyse des données, Plotly, Développement de logiciels, Visualisation de Données, Rmarkdown, R Programmation, Récit de données, Storytelling de données, Science des données, Logiciel de Visualisation de Données, Visualisation statistique, Visualisation des données, Développement d'applications, Prise de parole en public, Présentations, Programmation Statistique, Shiny (Package (R)), Visualisation interactive des données, Logiciel de visualisation de données, Analyse des Données, Présentation des données, Dépliant (logiciel), La programmation en R, Programmation statistique"
Traitement des données et ingénierie des caractéristiques avec MATLAB,MathWorks,['Intermédiaire '],[' Cours '],[' 1 à 3\xa0mois'],"4,5 sur 5 étoiles","Statistiques, Analyse des données, Exploration de données, Exploration analytique de données, Nettoyage des données, Détection des anomalies, Analyse exploratoire des données, Science des données, Qualité des données, Ingénierie des données, Data mining, Réduction de la dimensionnalité, Validation des données, Manipulation des données, Manipulation de données, Analyse exploratoire des données (AED), Analyse avancée, Apprentissage automatique appliqué, Analyse des Données, Données non structurées, Ingénierie des fonctionnalités, Ingénierie des caractéristiques, Traitement des données, Matlab, Réduction de dimensionnalité, Data wrangling, Transformation des données, Transformation de données"
 L'IA générative : faites progresser votre carrière en science des données,IBM,['Intermédiaire '],[' Cours '],[' 1 à 4\xa0semaines'],"4,7 sur 5 étoiles","Analyse des données, Intelligence artificielle, Gestion des données, Informatique, Exploration analytique de données, Analyse exploratoire des données, Science des données, IA générative, Analyse statistique, Intelligence artificielle et apprentissage automatique (IA/ML), Gouvernance des données, Éthique des données, Analyse exploratoire des données (AED), Analyse des Données, Stratégie en matière de données, Gouvernance de données"
Data Management with Databricks: Big Data with Delta Lakes,Coursera Project Network,['Intermédiaire '],[' Projet Guidé '],[' Moins de 2 heures'],"4,6 sur 5 étoiles","Databricks, Data Lakes, Data Engineering, Data Infrastructure, Apache Spark, Data Processing, Data Management, Big Data, Databases, Information Management, Data Architecture, Data Storage, Database Architecture and Administration, IT Infrastructure, Information Technology Architecture"
Google Cloud Big Data and Machine Learning Fundamentals,Google Cloud,['Débutant '],[' Cours '],[' 1 à 3\xa0mois'],"4,6 sur 5 étoiles","Dataflow, Google Cloud Platform, Data Engineering, Big Data, Data Pipelines, Machine Learning, Machine Learning Software, Real Time Data, Artificial Intelligence and Machine Learning (AI/ML), Extract, Transform, Load, Data Architecture, Analytics, Data Processing, Cloud Infrastructure, Applied Machine Learning, Data Integration, Looker (Software), Cloud Computing, Artificial Intelligence, Databases"
Introduction à l'Analyse de Données,IBM,['Débutant '],[' Cours '],[' 1 à 3\xa0mois'],"3,3 sur 5 étoiles","Analyse d'entreprise, Analytique, Analyse des données, Infrastructure de données, Analyse, Exploration de données, Visualisation de Données, Intelligence économique, Informatique décisionnelle, Science des données, Ingénierie des données, Analyse statistique, Entreposage de données, Visualisation des données, Data mining, Analyse avancée, Business Analytics, Big Data, Analyse des Données, Intégration de données, Intégration des données, Traitement des données, Cartographie des données, Data wrangling, Lacs de données, Extrait, Transformation des données, Transformation de données"
Programmation orientée objet en Java,Plusieurs enseignants,['Débutant '],[' Spécialisation '],[' 3 à 6\xa0mois'],"4,8 sur 5 étoiles","Informatique théorique, Génie logiciel, Environnements de développement intégré, Cybersécurité, Java, Outils de développement de logiciels, Développement de logiciels, Programmation Java, Algorithmes, Ingénierie en matière de sécurité, Conception de logiciels, Cryptage, Programmation orientée objet (POO), Science Informatique Théorique, Cryptographie, Débogage, Programmation informatique, Ingénierie de la sécurité, Programmation Informatique, Conception orientée objet, Principes de programmation, Structures de données, structures de données, JUnit"
Projet Python pour la science des données,IBM,['Intermédiaire '],[' Cours '],[' 1 à 4\xa0semaines'],"4,6 sur 5 étoiles","Analyse des données, Informatique, Programmation en Python, Science des données, Ingénierie des données, Récupération de données sur le Web, Gestion de l'information, Programmation informatique, Analyse des Données, Programmation Informatique, Programmation Python, Web scraping, Pandas (paquetage Python), Traitement des données, Jupyter, Extrait"
IBM Data Management,IBM,['Débutant '],[' Certificat Professionnel '],[' 3 à 6\xa0mois'],"4,8 sur 5 étoiles","Data Engineering, Data Warehousing, Relational Databases, SQL, Data Mart, Tableau Software, Dashboard, Database Systems, Data Migration, Spreadsheet Software, Data Integration, Data Security, Data Visualization, Databases, Data Infrastructure, Microsoft Excel, Data Visualization Software, Data Management, Data Governance, Database Management"
"Extraire, transformer et charger des données dans Power BI",Microsoft,['Débutant '],[' Cours '],[' 1 à 4\xa0semaines'],"4,7 sur 5 étoiles","Analyse des données, Intelligence économique, Power BI, Nettoyage des données, Gestion des données, Informatique décisionnelle, Qualité des données, Intégrité des données, Ingénierie des données, Validation des données, Manipulation des données, Manipulation de données, Logiciel d'analyse des données, Gestion de l'information, Big Data, Analyse des Données, Intégration de données, Transformation des données, Traitement des données, Cartographie des données, Intégration des données, Data wrangling, Stratégie en matière de données, Logiciel d'analyse de données, Extrait, Transformation de données"
Apprenez les bases de SQL pour la Science des données,"University of California, Davis",['Débutant '],[' Spécialisation '],[' 3 à 6\xa0mois'],"4,6 sur 5 étoiles","Analytique, Analyse des données, Bases de données, Infrastructure de données, Analyse, Langage de requête, Bases de données relationnelles, Qualité des données, Ingénierie des données, Manipulation des données, SQL, Big Data, Analyse des Données, Tableau de bord, Application de base de données, Gestion des bases de données, Manipulation de données, Lacs de données, Traitement des données, Data wrangling, Pipelines de données, Extrait, Apache Spark"
"Data Wrangling, analyse et tests A/B avec SQL","University of California, Davis",['Intermédiaire '],[' Cours '],[' 1 à 4\xa0semaines'],"4,7 sur 5 étoiles","Analyse des données, Bases de données, Bases de données relationnelles, Analyse statistique, Qualité des données, Ingénierie des données, Analyse du Web, Tests A/B, Manipulation des données, Manipulation de données, SQL, Inférence statistique, Gestion des bases de données, Analyse des Données, Systèmes de gestion de bases de données, Intégration de données, Intégration des données, Systèmes de base de données, Traitement des données, Data wrangling, Extrait, Application de base de données, Transformation des données, Transformation de données"
Science des données pratique avec MATLAB,MathWorks,['Débutant '],[' Spécialisation '],[' 3 à 6\xa0mois'],"4,2 sur 5 étoiles","Apprentissage automatique, Analyse des données, Analyse de régression, Analytique, Exploration analytique de données, Analyse, Analyse exploratoire des données, Apprentissage supervisé, Modélisation statistique, Modélisation prédictive, Logiciel d'apprentissage automatique, Algorithmes d'apprentissage automatique, Apprentissage automatique appliqué, Analyse exploratoire des données (AED), Manipulation des données, Manipulation de données, Analyse des Données, Données non structurées, Apprentissage statistique des machines, Analyse prédictive, Ingénierie des fonctionnalités, Ingénierie des caractéristiques, Matlab, Traitement des données, Data wrangling, Modélisation mathématique"
Intégration de capteurs et de moteurs,University of Colorado Boulder,['Intermédiaire '],[' Spécialisation '],[' 3 à 6\xa0mois'],"4,5 sur 5 étoiles","Ingénierie mécanique, Systèmes informatiques, Ingénierie industrielle, Contrôle des processus, Ingénierie, Systèmes embarqués, Génie électrique et informatique, Systèmes électroniques, Tolérance technique, Ingénierie des procédés, Conception du matériel, Contrôle des machines, Génie électrique, Conception mécanique, Composants électroniques, Fabrication et production, Dimensionnement et tolérancement géométriques, Logiciels embarqués, Procédés de fabrication, Matériel électronique"
Prompt Engineering for Law,Vanderbilt University,['Débutant '],[' Spécialisation '],[' 1 à 3\xa0mois'],"4,7 sur 5 étoiles","ChatGPT, Generative AI, OpenAI, Data Ethics, Artificial Intelligence, Artificial Intelligence and Machine Learning (AI/ML), Data Governance, Computer Science, Test Case, Data Strategy, System Testing, Software Development, Development Testing, Data Management, Quality Assurance and Control, Software Quality Assurance, Software Testing, Test Planning"
Capstone en science des données appliquée,IBM,['Intermédiaire '],[' Cours '],[' 1 à 3\xa0mois'],"4,7 sur 5 étoiles","Statistiques, Analytique, Plotly, Analyse d'entreprise, Analyse, Exploration analytique de données, Visualisation de Données, Modélisation statistique, Analyse exploratoire des données, Analyse des données, Récit de données, Storytelling de données, Science des données, Analyse statistique, Visualisation des données, Business Analytics, Ingénierie des données, Analyse avancée, Analyse exploratoire des données (AED), Modélisation prédictive, Tableau de bord, Apprentissage automatique appliqué, Visualisation interactive des données, Analyse des Données, Présentation des données, Analyse prédictive, Traitement des données, Data wrangling"
Exploiter la puissance des données avec Power BI,Microsoft,['Débutant '],[' Cours '],[' 1 à 4\xa0semaines'],"4,6 sur 5 étoiles","Power BI, Analyse d'entreprise, Analytique, Analyse, Visualisation de Données, Intelligence économique, Informatique décisionnelle, Logiciel d'informatique décisionnelle, Ingénierie des données, Prise de décision fondée sur les données, Logiciel de Visualisation de Données, Logiciel de visualisation de données, Analyse des données, Visualisation des données, Business Analytics, Manipulation des données, Logiciel d'analyse des données, Validation des données, Analyse des Données, Présentation des données, Intégration de données, Intégration des données, Traitement des données, Manipulation de données, Cartographie des données, Data wrangling, Logiciel d'analyse de données, Extrait, Transformation des données, Transformation de données"
Qu'est-ce que la science des données ? ,IBM,['Débutant '],[' Cours '],[' 1 à 4\xa0semaines'],"4,5 sur 5 étoiles","Apprentissage automatique, Analyse d'entreprise, Analytique, Analyse des données, Récit de données, Analyse, Informatique, Infrastructure de données, Exploration de données, Intelligence économique, Visualisation de Données, Bases de données, Science des données, Informatique décisionnelle, Ingénierie des données, Storytelling de données, Gestion des données, Analyse avancée, Visualisation des données, Data mining, Business Analytics, Big Data, Analyse des Données, Architecture des données, Stockage des données, Traitement des données, Extrait"
La science des données à grande échelle,University of Washington,['Intermédiaire '],[' Spécialisation '],[' 3 à 6\xa0mois'],"4,5 sur 5 étoiles","Analytique, Analyse des données, Analyse d'entreprise, Bases de données, Analyse, Visualisation de Données, Ingénierie des données, Infrastructure de données, Gouvernance des données, Visualisation des données, Business Analytics, Éthique des données, Modélisation prédictive, Flux de données, Apprentissage automatique appliqué, Magasin de données, Manipulation des données, Manipulation de données, Big Data, Analyse des Données, Architecture des données, Gouvernance de données, Analyse prédictive, Ingénierie des fonctionnalités, Ingénierie des caractéristiques, Assurance de l'information, Partage des données"
"Fondations NoSQL, Big Data et Spark",IBM,['Débutant '],[' Spécialisation '],[' 3 à 6\xa0mois'],"4,7 sur 5 étoiles","Apprentissage automatique, Infrastructure de données, Bases de données, Ingénierie des données, IBM Cloud, Apache Hive, Big Data, NoSQL, Apache Hadoop, Logiciel d'apprentissage automatique, Magasin de données, Systèmes de base de données, Ingénierie des fonctionnalités, Ingénierie des caractéristiques, Théorie des bases de données, MLOps (Apprentissage automatique), Systèmes de gestion de bases de données, Bases de données opérationnelles, Apache Cassandra, MongoDB, Mongodb, Apache Spark"
"Capstone : Récupération, traitement et visualisation de données avec Python",University of Michigan,['Débutant '],[' Cours '],[' 1 à 3\xa0mois'],"4,7 sur 5 étoiles","Statistiques, Analyse des données, Analytique, Méthodes statistiques, Informatique, Analyse, Exploration analytique de données, Visualisation de Données, Programmation en Python, Analyse exploratoire des données, Science des données, Analyse statistique, Ingénierie des données, Récupération de données sur le Web, Visualisation des données, Gestion de l'information, Programmation Python, Analyse exploratoire des données (AED), Programmation informatique, Analyse des Données, Web scraping, Intégration de données, Intégration des données, Transformation des données, Traitement des données, Programmation Informatique, Cartographie des données, Data wrangling, Extrait, Transformation de données"
Bases de données pour les scientifiques des données,University of Colorado Boulder,['Débutant '],[' Spécialisation '],[' 3 à 6\xa0mois'],"4,7 sur 5 étoiles","Bases de données, Langage de requête, Modélisation des données, Bases de données relationnelles, Ingénierie des données, Intégrité des données, Base de données, Administration de base de données, Administration des bases de données, SQL, NoSQL, Gestion de l'information, Architecture et administration des bases de données, Bases de données opérationnelles, Gestion des bases de données, Systèmes de gestion de bases de données, Architecture des données, Systèmes de base de données, Conception de la base de données, Théorie des bases de données, Magasin de données"
Introduction aux Big Data,University of California San Diego,['Mixte '],[' Cours '],[' 1 à 3\xa0mois'],"4,4 sur 5 étoiles","Génie logiciel, Infrastructure de données, Informatique, Logiciels système, Architecture logicielle, Architecture des logiciels, Science des données, Analyse des données, Ingénierie des données, Infrastructure informatique, Ingénierie des systèmes, Big Data, Gestion de l'information, Apache Hadoop, Analyse des Données, Architecture des données, Évolutivité, Traitement des données, Conception des systèmes, Extrait"
Big Data,University of California San Diego,['Débutant '],[' Spécialisation '],[' 3 à 6\xa0mois'],"4,7 sur 5 étoiles","Analyse d'entreprise, Analytique, Infrastructure de données, Analyse, Théorie des graphes, Modélisation des données, Ingénierie des données, Bases de données, Business Analytics, Modélisation prédictive, Apprentissage automatique appliqué, Big Data, Gestion de l'information, Algorithmes d'apprentissage automatique, Traitement des données, Apache Hadoop, Analyse du réseau, Architecture des données, Intégration de données, Intégration des données, Magasin de données, Extrait, Apache Spark"
"Fondations NoSQL, Big Data et Spark",IBM,['Débutant '],[' Spécialisation '],[' 3 à 6\xa0mois'],"4,8 sur 5 étoiles","Apprentissage automatique, Infrastructure de données, Bases de données, Ingénierie des données, IBM Cloud, Apache Hive, Big Data, NoSQL, Apache Hadoop, Logiciel d'apprentissage automatique, Magasin de données, Systèmes de base de données, Ingénierie des fonctionnalités, Ingénierie des caractéristiques, Théorie des bases de données, MLOps (Apprentissage automatique), Systèmes de gestion de bases de données, Bases de données opérationnelles, Apache Cassandra, MongoDB, Mongodb, Apache Spark"
"Capstone : Récupération, traitement et visualisation de données avec Python",University of Michigan,['Débutant '],[' Cours '],[' 1 à 3\xa0mois'],"4,6 sur 5 étoiles","Statistiques, Analyse des données, Analytique, Méthodes statistiques, Informatique, Analyse, Exploration analytique de données, Visualisation de Données, Programmation en Python, Analyse exploratoire des données, Science des données, Analyse statistique, Ingénierie des données, Récupération de données sur le Web, Visualisation des données, Gestion de l'information, Programmation Python, Analyse exploratoire des données (AED), Programmation informatique, Analyse des Données, Web scraping, Intégration de données, Intégration des données, Transformation des données, Traitement des données, Programmation Informatique, Cartographie des données, Data wrangling, Extrait, Transformation de données"
Analyse moderne des Big Data avec SQL,Cloudera,['Débutant '],[' Spécialisation '],[' 3 à 6\xa0mois'],"4,8 sur 5 étoiles","Bases de données, Infrastructure de données, Langage de requête, Gestion des données, Ingénierie des données, Accès aux données, Bases de données relationnelles, Architecture et administration des bases de données, Technologies de stockage des données, Gestion de l'information, Apache Hive, SQL, Big Data, Apache Hadoop, Bases de données opérationnelles, Systèmes de gestion de bases de données, Systèmes de base de données, Théorie des bases de données, Stockage des données, Extrait"
Bases de données pour les scientifiques des données,University of Colorado Boulder,['Débutant '],[' Spécialisation '],[' 3 à 6\xa0mois'],"4,7 sur 5 étoiles","Bases de données, Langage de requête, Modélisation des données, Bases de données relationnelles, Ingénierie des données, Intégrité des données, Base de données, Administration de base de données, Administration des bases de données, SQL, NoSQL, Gestion de l'information, Architecture et administration des bases de données, Bases de données opérationnelles, Gestion des bases de données, Systèmes de gestion de bases de données, Architecture des données, Systèmes de base de données, Conception de la base de données, Théorie des bases de données, Magasin de données"
Python for Data Analysis: Pandas & NumPy,Coursera Project Network,['Débutant '],[' Projet Guidé '],[' Moins de 2 heures'],"4,6 sur 5 étoiles","NumPy, Pandas (Python Package), Python Programming, Data Processing, Computer Programming, Data Engineering, Extract, Transform, Load, Computer Science, Information Management"
Introduction à l'analyse des données pour les entreprises,University of Colorado Boulder,['Débutant '],[' Cours '],[' 1 à 4\xa0semaines'],"4,5 sur 5 étoiles","Analyse d'entreprise, Analytique, Analyse des données, Systèmes d'information, Analyse de valeur et de rentabilité, Analyse de l'activité, Analyse, Intelligence économique, Informatique décisionnelle, Modélisation des données, Gestion des données, Bases de données, Science des données, Ingénierie des données, Qualité des données, Infrastructure de données, Analyse des systèmes, Gestion de l'information, Big Data, Traitement des données, Analyse des Données, Compétences analytiques, Architecture des données, Business Analytics, Extrait"
Programmation MATLAB pour les ingénieurs et les scientifiques,Vanderbilt University,['Débutant '],[' Spécialisation '],[' 3 à 6\xa0mois'],"4,4 sur 5 étoiles","Analytique, Analyse, Langages de script, Logiciels système, Logiciel système, Tracé (graphique), Analyse des données, Science des données, Analyse statistique, Algorithmes, Programmation orientée objet (POO), Débogage, Tableau de bord, Apprentissage automatique appliqué, Programmation informatique, Analyse des Données, Conception orientée objet, Structures de données, structures de données, Programmation Informatique, Matlab, Scripting, Analyse d'images, Principes de programmation"
Introduction aux Big Data,University of California San Diego,['Mixte '],[' Cours '],[' 1 à 3\xa0mois'],"4,6 sur 5 étoiles","Génie logiciel, Infrastructure de données, Informatique, Logiciels système, Architecture logicielle, Architecture des logiciels, Science des données, Analyse des données, Ingénierie des données, Infrastructure informatique, Ingénierie des systèmes, Big Data, Gestion de l'information, Apache Hadoop, Analyse des Données, Architecture des données, Évolutivité, Traitement des données, Conception des systèmes, Extrait"
Principes fondamentaux d’Excel pour l’analyse des données,Macquarie University,['Intermédiaire '],[' Cours '],[' 1 à 3\xa0mois'],"4,6 sur 5 étoiles","Analyse des données, Administration de bureau, Nettoyage des données, Microsoft Excel, Formules Excel, Science des données, Logiciel de tableur, Ingénierie des données, Logique d'entreprise, Validation des données, Manipulation des données, Manipulation de données, Gestion de l'information, Analyse des Données, Logiciel de Feuille de Calcul, Intégration de données, Traitement des données, Cartographie des données, Intégration des données, Logiciels de productivité, Data wrangling, Extrait, Transformation des données, Transformation de données"
Fondations IBM AI pour les entreprises,IBM,['Débutant '],[' Spécialisation '],[' 1 à 3\xa0mois'],"4,5 sur 5 étoiles","Apprentissage automatique, Réseaux neuronaux artificiels, Intelligence artificielle, Analytique, Analyse d'entreprise, Analyse des données, Exploration de données, Transformation numérique, Architecture d'entreprise, Récit de données, Storytelling de données, Infrastructure de données, Science des données, Ingénierie des données, Analyse, IA générative, Intelligence artificielle et apprentissage automatique (IA/ML), Data mining, Éthique des données, Business Analytics, Traitement des données, Big Data, Analyse des Données, Architecture des données, Architecture de l'information"
Prise de décision fondée sur les données,PwC,['Débutant '],[' Cours '],[' 1 à 4\xa0semaines'],"4,6 sur 5 étoiles","Statistiques, Analyse des données, Analytique, Méthodes statistiques, Analyse d'entreprise, Analyse, Intelligence économique, Informatique décisionnelle, Science des données, Analyse statistique, Prise de décision fondée sur les données, Logiciel de Visualisation de Données, Ingénierie des données, Logiciel d'analyse des données, Business Analytics, Logiciel de visualisation de données, Gestion de l'information, Big Data, Analyse des Données, Compétences analytiques, Présentation des données, Traitement des données, Logiciel d'analyse de données, Prise de décision stratégique, Extrait, Visualisation interactive des données"
Big Data,University of California San Diego,['Débutant '],[' Spécialisation '],[' 3 à 6\xa0mois'],"4,6 sur 5 étoiles","Analyse d'entreprise, Analytique, Infrastructure de données, Analyse, Théorie des graphes, Modélisation des données, Ingénierie des données, Bases de données, Business Analytics, Modélisation prédictive, Apprentissage automatique appliqué, Big Data, Gestion de l'information, Algorithmes d'apprentissage automatique, Traitement des données, Apache Hadoop, Analyse du réseau, Architecture des données, Intégration de données, Intégration des données, Magasin de données, Extrait, Apache Spark"
Analyse de données en Python,Meta,['Débutant '],[' Cours '],[' 1 à 3\xa0mois'],"4,2 sur 5 étoiles","Statistiques, Analyse des données, Méthodes statistiques, Analytique, Analyse, Exploration analytique de données, Probabilités et statistiques, Programmation en Python, Nettoyage des données, Visualisation de Données, Analyse exploratoire des données, Science des données, Analyse statistique, Ingénierie des données, Visualisation des données, Validation des données, Manipulation des données, Manipulation de données, Analyse exploratoire des données (AED), Programmation Python, Analyse des Données, Pandas (paquetage Python), Principes de programmation, Traitement des données, Jupyter, Extrait, Matplotlib"
Real-World Engineering Management,Advancing Women in Tech,['Débutant '],[' Spécialisation '],[' 1 à 3\xa0mois'],"4,5 sur 5 étoiles","Technical Product Management, Cloud Engineering, Team Management, Team Performance Management, Cloud Applications, Team Building, Systems Engineering, Engineering Management, Leadership and Management, Product Management, People Management, Systems Design, Software Architecture, Software Development, Technical Management, Agile Software Development, Management Training And Development, Agile Methodology, Cloud Development, Goal Setting"
Structures de données et Algorithmes,University of California San Diego,['Intermédiaire '],[' Spécialisation '],[' 3 à 6\xa0mois'],"4,6 sur 5 étoiles","Ingénierie des réseaux, Informatique théorique, Informatique, Réseaux informatiques, Théorie des graphes, Mathématiques appliquées, Algorithmes, Recherche opérationnelle, Infrastructure réseau, Science Informatique Théorique, Protocoles de routage, Infrastructure de réseau, Épidémiologie, Mise en réseau générale, Architecture du réseau, Analyse du réseau, Structures de données, Programmation informatique, Principes de programmation, Programmation Informatique, Pensée informatique, Routage de réseau, structures de données, Bioinformatique, Architecture de réseau"
Science des données cliniques,University of Colorado System,['Intermédiaire '],[' Spécialisation '],[' 3 à 6\xa0mois'],"4,7 sur 5 étoiles","Analytique, Analyse des données, Traitement du langage naturel (NLP), Essais cliniques, Gestion de l'information sur la santé et enregistrements médicaux, Modélisation des données, Analyse, Exploration de texte, Qualité des données, Traitement du langage naturel, Ingénierie des données, Dossiers médicaux, Gestion des données cliniques, Manipulation des données, Manipulation de données, Modélisation statistique, Modélisation prédictive, Recherche clinique, Analyse des Données, Tidyverse (Package R), Données non structurées, Analyse prédictive, Cartographie des données, Extrait"
Programmation Java et principes fondamentaux du génie logiciel,Duke University,['Débutant '],[' Spécialisation '],[' 3 à 6\xa0mois'],"4,6 sur 5 étoiles","Génie logiciel, Java, Développement Web Front-End, Programmation Java, Conception et développement de sites web, Conception de logiciels, Cryptographie, Accès aux données, Cryptage, Javascript, Programmation orientée objet (POO), Applications Web, Programmation informatique, HTML et CSS, Feuilles de style en cascade (CSS), Conception de sites web, Programmation Informatique, Conception orientée objet, HyperText Markup Language (HTML), Structures de données, structures de données, conception web, Principes de programmation"
Introduction aux données cliniques,Stanford University,['Débutant '],[' Cours '],[' 1 à 3\xa0mois'],"4,7 sur 5 étoiles","Analytique, Analyse des données, Gestion de l'information sur la santé et enregistrements médicaux, Exploration de données, Recherche clinique, Analyse, Exploration de texte, Qualité des données, Dossier médical électronique, Dossiers médicaux, Data mining, Essais cliniques, Gestion des données cliniques, Éthique des données, Science et recherche médicales, Apprentissage automatique appliqué, Calendrier, Analyse des Données, Données non structurées, Ingénierie des fonctionnalités, Ingénierie des caractéristiques, Traitement des données, Data wrangling, Systèmes de santé, Connaissance du secteur de la santé"
Python pour la science des données,Fractal Analytics,['Débutant '],[' Cours '],[' 1 à 3\xa0mois'],"4,8 sur 5 étoiles","Analytique, Analyse des données, Analyse d'entreprise, Exploration analytique de données, Analyse, Programmation en Python, Analyse exploratoire des données, Science des données, Analyse statistique, Qualité des données, Business Analytics, Pandas (paquetage Python), Manipulation des données, Manipulation de données, Analyse exploratoire des données (AED), NumPy, Analyse des Données, Programmation Python, Traitement des données, Données non structurées, Ingénierie des fonctionnalités, Ingénierie des caractéristiques, Jupyter, Cartographie des données, Data wrangling, Matplotlib, Extrait, Transformation des données, Transformation de données"
Introduction à la programmation R pour la science des données,IBM,['Débutant '],[' Cours '],[' 1 à 3\xa0mois'],"4,7 sur 5 étoiles","Analyse des données, Informatique, Développement de logiciels, Langages de script, Science des données, R Programmation, Ingénierie des données, Récupération de données sur le Web, Algorithmes, Manipulation des données, Manipulation de données, Programmation Statistique, Structures de données, Programmation informatique, Analyse des Données, Web scraping, Intégration de données, Intégration des données, Programmation Informatique, Apprentissage statistique des machines, Programmation statistique, Jupyter, Importation/exportation de données, structures de données, Scripting, Traitement des données, La programmation en R, Extrait"
Préparation à l'examen Microsoft Azure Data Fundamentals DP-900,Microsoft,['Débutant '],[' Spécialisation '],[' 3 à 6\xa0mois'],"4,8 sur 5 étoiles","Infrastructure en nuage, Power BI, Bases de données relationnelles, Microsoft Azure, Ingénierie des données, Entreposage de données, Bases de données, Plates-formes d'informatique en nuage, Stockage dans le Cloud, Stockage en nuage, Administration de base de données, Administration des bases de données, Base de données, SQL, Multi-cloud, NoSQL, Systèmes de gestion de bases de données, Systèmes de base de données, Théorie des bases de données, Magasin de données"
Google Business Intelligence,Google,['Avancées '],[' Certificat Professionnel '],[' 3 à 6\xa0mois'],"4,5 sur 5 étoiles","Business Intelligence, Business Analytics, Extract, Transform, Load, Dashboard, Business Intelligence Software, Data Pipelines, Data Modeling, Business Analysis, Analytics, Data Engineering, Business Metrics, Data Warehousing, Performance Metric, Business Requirements, Databases, Key Performance Indicators (KPIs), Data Presentation, Data Integration, Business Systems Analysis, Tableau Software"
SQL pour la Science des Données,"University of California, Davis",['Débutant '],[' Cours '],[' 1 à 4\xa0semaines'],"4,3 sur 5 étoiles","Langage de requête, Analyse des données, Science des données, Bases de données relationnelles, Bases de données, Architecture et administration des bases de données, Manipulation des données, Base de données, Gestion de l'information, SQL, Gestion des bases de données, Analyse des Données, Systèmes de gestion de bases de données, Intégration de données, Intégration des données, Systèmes de base de données, Manipulation de données, Traitement des données, Théorie des bases de données, Data wrangling, Extrait, Transformation des données, Transformation de données, Application de base de données"
TensorFlow : données et déploiement,DeepLearning.AI,['Intermédiaire '],[' Spécialisation '],[' 3 à 6\xa0mois'],"4,4 sur 5 étoiles","Apprentissage automatique, Apprentissage profond, Ingénierie des données, Intelligence artificielle et apprentissage automatique (IA/ML), développement iOS, Apprentissage automatique appliqué, Tensorflow, Deep learning, Android (système d'exploitation), Javascript, MLOps (Apprentissage automatique), Ingénierie des fonctionnalités, Ingénierie des caractéristiques, Apple iOS, Importation/exportation de données, Traitement des données, Data wrangling, Pipelines de données, Analyse d'images, Extrait, Partage des données, Deep Learning, Transformation des données, Transformation de données"
"Principes fondamentaux : des Données... des Données, Partout",Google,['Débutant '],[' Cours '],[' 1 à 4\xa0semaines'],"4,8 sur 5 étoiles","Analyse d'entreprise, Analyse des données, Gestion des données, Analytique, Langage de requête, Visualisation de Données, Intelligence économique, Analyse, Administration de bureau, Science des données, Informatique décisionnelle, Analyse statistique, Logiciel de tableur, Prise de décision fondée sur les données, Gouvernance des données, Business Analytics, Bases de données, Visualisation des données, Systèmes de gestion de bases de données, Éthique des données, Logiciel d'analyse des données, Logiciel de Feuille de Calcul, Analyse des Données, Compétences analytiques, Logiciel d'analyse de données, Systèmes de base de données, Gouvernance de données, Logiciels de productivité"
Écosystème de données,Tableau Learning Partner,['Débutant '],[' Cours '],[' 1 à 4\xa0semaines'],"4,8 sur 5 étoiles","Systèmes d'information, Analyse des données, Analyse d'entreprise, Bases de données, Intelligence économique, Informatique décisionnelle, Ingénierie des données, Qualité des données, Infrastructure de données, Entreposage de données, Gestion des données, Gouvernance des données, Systèmes de gestion de bases de données, Business Analytics, Gestion de l'information, Traitement des données, Analyse des Données, Architecture des données, Intégration de données, Intégration des données, Gouvernance de données, Stockage des données, Lacs de données, Stratégie en matière de données, Extrait"
Apprentissage automatique en production,DeepLearning.AI,['Intermédiaire '],[' Cours '],[' 1 à 4\xa0semaines'],"4,6 sur 5 étoiles","Apprentissage automatique, Intelligence artificielle, CI/CD, Gestion des versions, Science des données, Intelligence artificielle et apprentissage automatique (IA/ML), Cycle de vie du développement logiciel, Ingénierie des données, Livraison continue, Apprentissage automatique appliqué, Logiciel d'apprentissage automatique, Déploiement continu, Architecture des données, Données non structurées, Gestion du cycle de vie des applications, Déploiement des applications, Cycle de vie du développement des systèmes, MLOps (Apprentissage automatique), Pipelines de données, Extrait"
Data Analytics Engineering: Probability & Techniques,Northeastern University,['Mixte '],[' Cours '],[' 1 à 4\xa0semaines'],"4,6 sur 5 étoiles",['No information given']
"ETL et pipelines de données avec Shell, Airflow et Kafka",IBM,['Intermédiaire '],[' Cours '],[' 1 à 3\xa0mois'],"4,7 sur 5 étoiles","Systèmes d'information, Bases de données, Gestion des données, Apache Kafka, Ingénierie des données, Gestion de l'information, Big Data, Données en temps réel, Flux d'air Apache, Architecture des données, Script Shell, Intégration de données, Intégration des données, Traitement des données, Cartographie des données, Stockage des données, Scripting, Data wrangling, Pipelines de données, Extrait, Transformation des données, Transformation de données"
Introduction to Generative AI for Data Analysis,Microsoft,['Intermédiaire '],[' Cours '],[' 1 à 3\xa0mois'],"4,6 sur 5 étoiles",['No information given']
Principes de base de l'Entrepôt de données,IBM,['Intermédiaire '],[' Cours '],[' 1 à 4\xa0semaines'],"4,5 sur 5 étoiles","Bases de données, Modélisation des données, Ingénierie des données, Schéma en étoile, Infrastructure de données, Entreposage de données, Gestion des données, Systèmes de gestion de bases de données, Architecture et administration des bases de données, Gestion de l'information, Gestion des bases de données, IBM DB2, Schéma du flocon de neige, Architecture des données, Intégration de données, Intégration des données, Systèmes de base de données, Lacs de données, Data Mart, Base de données, Extrait"
ChatGPT + Excel: AI-Enhanced Data Analysis & Insight,Vanderbilt University,['Débutant '],[' Spécialisation '],[' 1 à 3\xa0mois'],"4,8 sur 5 étoiles","ChatGPT, Excel Macros, Data Storytelling, Microsoft Excel, OpenAI, Excel Formulas, Data Presentation, Spreadsheet Software, Generative AI, Data Analysis, Dashboard, Extract, Transform, Load, Interactive Data Visualization, Data Integration, Data Visualization, Productivity Software, Data Science, Artificial Intelligence, Artificial Intelligence and Machine Learning (AI/ML), Computer Science"
Google Data Analytics,Google,['Débutant '],[' Certificat Professionnel '],[' 3 à 6\xa0mois'],"4,6 sur 5 étoiles","Analyse d'entreprise, Analytique, Analyse, Visualisation de Données, Rmarkdown, Récit de données, Storytelling de données, Qualité des données, Logiciel de tableur, Accès aux données, Logiciel de Visualisation de Données, Logiciel de visualisation de données, Tableau de bord, Visualisation statistique, R Programmation, Analyse des données, Visualisation des données, Business Analytics, Validation des données, Analyse des Données, Présentation des données, Logiciel de Feuille de Calcul, Compétences analytiques, Logiciel Tableau, Tidyverse (Package R), Visualisation interactive des données, Ggplot2, La programmation en R"
Technologie de fabrication et de conception numériques,University at Buffalo,['Débutant '],[' Spécialisation '],[' 3 à 6\xa0mois'],"4,5 sur 5 étoiles","Analytique, Cybersécurité, Contrôles de sécurité, Ingénierie industrielle, Transformation numérique, Analyse, Contrôle des processus, Ingénierie en matière de sécurité, Gestion de la sécurité, Ingénierie des systèmes, Gestion du cycle de vie des produits, Ingénierie de la sécurité, Contrôle des machines, Feuilles de route technologiques, Stockage des données, Planification des besoins en matériaux, Fabrication et production, Sécurité des infrastructures, Ingénierie des systèmes basée sur des modèles, Partage des données, Cyber-attaques, Procédés de fabrication"
L'IA générative : améliorez votre carrière dans l'analyse de données,IBM,['Intermédiaire '],[' Cours '],[' 1 à 4\xa0semaines'],"4,2 sur 5 étoiles","Analyse d'entreprise, Intelligence artificielle, Analytique, Analyse des données, Gestion des données, Visualisation de Données, Langage de requête, Intelligence économique, Informatique décisionnelle, Science des données, Analyse, Récit de données, Storytelling de données, IA générative, Intelligence artificielle et apprentissage automatique (IA/ML), Gouvernance des données, Bases de données, Visualisation des données, Éthique des données, SQL, Tableau de bord, Analyse des Données, Présentation des données, Business Analytics, Visualisation interactive des données, Gouvernance de données, Stratégie en matière de données"
Generative AI for Business Intelligence (BI) Analysts,IBM,['Intermédiaire '],[' Spécialisation '],[' 1 à 3\xa0mois'],"4,8 sur 5 étoiles","Generative AI, ChatGPT, Business Intelligence, OpenAI, Artificial Intelligence, Business Analytics, Artificial Intelligence and Machine Learning (AI/ML), Data Ethics, Business Reporting, Dashboard, Analytics, Data Storytelling, Data Cleansing, Data Analysis, Data Manipulation, Data Presentation, Data Visualization Software, Infographics, Data Governance, Computer Science"
Développeur IA IBM,IBM,['Débutant '],[' Certificat Professionnel '],[' 3 à 6\xa0mois'],"4,6 sur 5 étoiles","Génie logiciel, Intelligence artificielle, Développement Web Front-End, Développement de logiciels, Programmation en Python, ChatGPT, Conception et développement de sites web, IA générative, Intelligence artificielle et apprentissage automatique (IA/ML), Architecture logicielle, Architecture des logiciels, Cycle de vie du développement logiciel, Réseautage professionnel, OpenAI, Développement d'applications, NumPy, Programmation Python, Applications Web, HTML et CSS, Cycle de vie du développement des systèmes, Flask (Framework Web), Compétences en matière d'entretien"
Analyse de données à l'aide de Python,University of Pennsylvania,['Débutant '],[' Cours '],[' 1 à 4\xa0semaines'],"4,6 sur 5 étoiles","Analyse des données, Analytique, Analyse, Exploration analytique de données, Visualisation de Données, Analyse exploratoire des données, Programmation en Python, Analyse d'entreprise, Tracé (graphique), Science des données, Analyse statistique, Logiciel d'analyse des données, Visualisation des données, Pandas (paquetage Python), Analyse exploratoire des données (AED), NumPy, Manipulation des données, Manipulation de données, Traitement des données, Programmation Python, Analyse des Données, Diagrammes de dispersion, Logiciel d'analyse de données, Jupyter, Data wrangling, Business Analytics, Matplotlib, Histogramme, Transformation des données, Transformation de données"
Traitement d'images pour l'ingénierie et la science,MathWorks,['Débutant '],[' Spécialisation '],[' 1 à 3\xa0mois'],"4,6 sur 5 étoiles","Analyse des données, Intelligence artificielle, Informatique, Information et technologie géospatiales, Ingénierie des données, Science des données, Intelligence artificielle et apprentissage automatique (IA/ML), Vision par ordinateur, Analyse spatiale, Systèmes d'information géographique, Gestion de l'information, Analyse des Données, Analyse des données spatiales, Matlab, Traitement des données, Analyse d'images, Extrait"
"Big Data, intelligence artificielle et éthique","University of California, Davis",['Débutant '],[' Cours '],[' 1 à 4\xa0semaines'],"4,7 sur 5 étoiles","Traitement du langage naturel (NLP), Intelligence artificielle, Gestion des données, Informatique, Ingénierie des données, Intelligence artificielle et apprentissage automatique (IA/ML), Méthodes scientifiques, Recherche, Gouvernance des données, Traitement du langage naturel, Éthique des données, Science et recherche générales, Gestion de l'information, Big Data, Sciences sociales, Gouvernance de données, Traitement des données, Stratégie en matière de données, Extrait"
